Feature,Coefficient
total_spend,3019.3798067643734
avg_order_value,-619.107521169745
days_since_last_purchase,-409.6210974831641
email_engagement_rate,266.8611670968978
is_premium_member,146.3174496376732
returns_count,-122.44714150744132
support_tickets,-101.9979662102212
num_purchases,-38.514448848200225
is_newsletter_subscriber,31.881874374145582
customer_age,25.760559906894883
product_categories,24.94232969020101
account_age_days,-13.81694225994085
is_mobile_user,3.5282582915114786
